{"incre_win_rate": 0.9981884057971014, "value_loss": 0.007009173805514971, "policy_loss": -0.0032947040982568804, "dist_entropy": 0.2372859170039495, "actor_grad_norm": 0.11860765516757965, "critic_grad_norm": 0.040184229612350464, "ratio": 0.9995668530464172, "dead_ratio": 0.003896508728179593, "average_step_rewards": 0.692482590675354, "eval_average_episode_rewards": 20.0, "eval_win_rate": 1.0, "_step": 403200, "_runtime": 2427, "_timestamp": 1700918843}