{"incre_win_rate": 0.9930434782608696, "value_loss": 0.0010494936412821212, "policy_loss": -0.006220587620071427, "dist_entropy": 0.23875734508037566, "actor_grad_norm": 0.15663094818592072, "critic_grad_norm": 0.07228265702724457, "ratio": 0.9983624219894409, "dead_ratio": 0.0015586034912717928, "average_step_rewards": 0.7084200978279114, "eval_average_episode_rewards": 20.0, "eval_win_rate": 1.0, "_step": 2483200, "_runtime": 13429, "_timestamp": 1700936705}