{"incre_win_rate": 0.9929328621908127, "value_loss": 0.0007941458374261856, "policy_loss": -0.005087553851856797, "dist_entropy": 0.31680518786112466, "actor_grad_norm": 0.28571924567222595, "critic_grad_norm": 0.025075074285268784, "ratio": 0.9984999299049377, "dead_ratio": 0.0014027431421446135, "average_step_rewards": 0.701805591583252, "eval_average_episode_rewards": 20.0, "eval_win_rate": 1.0, "_step": 643200, "_runtime": 4889, "_timestamp": 1700906040}