{"incre_win_rate": 0.002751031636863824, "value_loss": 0.21389432450135548, "policy_loss": -0.004014466070747543, "dist_entropy": 0.8441885789235433, "actor_grad_norm": 0.11451050639152527, "critic_grad_norm": 1.1416113376617432, "ratio": 0.9992123246192932, "dead_ratio": 0.16427680798004984, "average_step_rewards": 0.22626735270023346, "eval_average_episode_rewards": 4.932291666666666, "eval_win_rate": 0.0, "_step": 35200, "_runtime": 390, "_timestamp": 1700900931}